﻿[
  {
    "month": "January",
    "polo": 365,
    "bike": 180,
    "gloves": 740,
    "tent": 170
  },
  {
    "month": "February",
    "polo": 550,
    "bike": 170,
    "gloves": 620,
    "tent": 230
  },
  {
    "month": "March",
    "polo": 620,
    "bike": 220,
    "gloves": 200,
    "tent": 380
  },
  {
    "month": "April",
    "polo": 750,
    "bike": 350,
    "gloves": 150,
    "tent": 420
  },
  {
    "month": "May",
    "polo": 890,
    "bike": 450,
    "gloves": 50,
    "tent": 560
  }
]